mv 21-age-creup-y-ceune && mv 21-age-creup-y-ceune.md 21-age-creup-y-ceune/index.md
mv 58-ago-de-creup && mv 58-ago-de-creup.md 58-ago-de-creup/index.md
mv 59-ago-creup && mv 59-ago-creup.md 59-ago-creup/index.md
mv 8m-la-mujer-en-la-ciencia && mv 8m-la-mujer-en-la-ciencia.md 8m-la-mujer-en-la-ciencia/index.md
mv age-uab-del-ceet && mv age-uab-del-ceet.md age-uab-del-ceet/index.md
mv age-ua && mv age-ua.md age-ua/index.md
mv asociarse-al-ceet && mv asociarse-al-ceet.md asociarse-al-ceet/index.md
mv back-up-inicio-con-ideas && mv back-up-inicio-con-ideas.md back-up-inicio-con-ideas/index.md
mv cas-creup-febrero-2017 && mv cas-creup-febrero-2017.md cas-creup-febrero-2017/index.md
mv cas_presencial && mv cas_presencial.md cas_presencial/index.md
mv catalogo-juguetes-ceet-abril-2018 && mv catalogo-juguetes-ceet-abril-2018.md catalogo-juguetes-ceet-abril-2018/index.md
mv catalogo-juguetes-ceet-navidad-2017 && mv catalogo-juguetes-ceet-navidad-2017.md catalogo-juguetes-ceet-navidad-2017/index.md
mv catalogo-juguetes-ceet-navidad-2018 && mv catalogo-juguetes-ceet-navidad-2018.md catalogo-juguetes-ceet-navidad-2018/index.md
mv catalogo-juguetes-ceet-navidad-2019 && mv catalogo-juguetes-ceet-navidad-2019.md catalogo-juguetes-ceet-navidad-2019/index.md
mv catalogo-juguetes-ceet-navidad-2020 && mv catalogo-juguetes-ceet-navidad-2020.md catalogo-juguetes-ceet-navidad-2020/index.md
mv catalogo-juguetes-ceet-navidad-2021 && mv catalogo-juguetes-ceet-navidad-2021.md catalogo-juguetes-ceet-navidad-2021/index.md
mv catalogo-juguetes-ceet-navidad-2022 && mv catalogo-juguetes-ceet-navidad-2022.md catalogo-juguetes-ceet-navidad-2022/index.md
mv ceetenritsi && mv ceetenritsi.md ceetenritsi/index.md
mv cloud && mv cloud.md cloud/index.md
mv colaboracion-ehu && mv colaboracion-ehu.md colaboracion-ehu/index.md
mv colaboracion-uab && mv colaboracion-uab.md colaboracion-uab/index.md
mv colaboracion-ua && mv colaboracion-ua.md colaboracion-ua/index.md
mv colaboracion-uc3m && mv colaboracion-uc3m.md colaboracion-uc3m/index.md
mv colaboracion-uex && mv colaboracion-uex.md colaboracion-uex/index.md
mv colaboracion-upm-campus-sur && mv colaboracion-upm-campus-sur.md colaboracion-upm-campus-sur/index.md
mv colaboracion-upv-gandia && mv colaboracion-upv-gandia.md colaboracion-upv-gandia/index.md
mv colaboracion-upv-valencia && mv colaboracion-upv-valencia.md colaboracion-upv-valencia/index.md
mv colaboracion-usp-ceu && mv colaboracion-usp-ceu.md colaboracion-usp-ceu/index.md
mv colaboracion-uvigo && mv colaboracion-uvigo.md colaboracion-uvigo/index.md
mv colaboracion-uz && mv colaboracion-uz.md colaboracion-uz/index.md
mv comparativa-servicios-videollamada && mv comparativa-servicios-videollamada.md comparativa-servicios-videollamada/index.md
mv comunicado-beigbeder-comments && mv comunicado-beigbeder-comments.md comunicado-beigbeder-comments/index.md
mv comunicado-beigbeder && mv comunicado-beigbeder.md comunicado-beigbeder/index.md
mv comunicado-ceet-articulo-sr-frederic-beigbeder && mv comunicado-ceet-articulo-sr-frederic-beigbeder.md comunicado-ceet-articulo-sr-frederic-beigbeder/index.md
mv concurso-de-gamma-solutions && mv concurso-de-gamma-solutions.md concurso-de-gamma-solutions/index.md
mv contact && mv contact.md contact/index.md
mv cookies && mv cookies.md cookies/index.md
mv datos-socios && mv datos-socios.md datos-socios/index.md
mv diadeinternet-comments && mv diadeinternet-comments.md diadeinternet-comments/index.md
mv diadeinternet && mv diadeinternet.md diadeinternet/index.md
mv documentos && mv documentos.md documentos/index.md
mv estatutos && mv estatutos.md estatutos/index.md
mv estudiocalidad && mv estudiocalidad.md estudiocalidad/index.md
mv fomentalastic_a && mv fomentalastic_a.md fomentalastic_a/index.md
mv fomentalastic && mv fomentalastic.md fomentalastic/index.md
mv fomentemoslastic2018 && mv fomentemoslastic2018.md fomentemoslastic2018/index.md
mv fomentemoslastic-2019 && mv fomentemoslastic-2019.md fomentemoslastic-2019/index.md
mv fomentemoslastic-2020 && mv fomentemoslastic-2020.md fomentemoslastic-2020/index.md
mv fomentemoslastic-2022 && mv fomentemoslastic-2022.md fomentemoslastic-2022/index.md
mv fomentemoslastic && mv fomentemoslastic.md fomentemoslastic/index.md
mv formulario-de-contacto_copy-2 && mv formulario-de-contacto_copy-2.md formulario-de-contacto_copy-2/index.md
mv formulario-de-contacto_copy && mv formulario-de-contacto_copy.md formulario-de-contacto_copy/index.md
mv formulario-de-contacto && mv formulario-de-contacto.md formulario-de-contacto/index.md
mv formulario-inscripcion && mv formulario-inscripcion.md formulario-inscripcion/index.md
mv iii-jfet-ua && mv iii-jfet-ua.md iii-jfet-ua/index.md
mv iii-reunion-presencial-jd-uc3m && mv iii-reunion-presencial-jd-uc3m.md iii-reunion-presencial-jd-uc3m/index.md
mv ii-jfet-uab-del-ceet && mv ii-jfet-uab-del-ceet.md ii-jfet-uab-del-ceet/index.md
mv ii-reunion-presencial-jd-uab && mv ii-reunion-presencial-jd-uab.md ii-reunion-presencial-jd-uab/index.md
mv interteleco-2017 && mv interteleco-2017.md interteleco-2017/index.md
mv i-reunion-presencial-jd-upv && mv i-reunion-presencial-jd-upv.md i-reunion-presencial-jd-upv/index.md
mv junta-directiva-2016-17 && mv junta-directiva-2016-17.md junta-directiva-2016-17/index.md
mv junta-directiva-2017-18 && mv junta-directiva-2017-18.md junta-directiva-2017-18/index.md
mv junta-directiva-2018-19 && mv junta-directiva-2018-19.md junta-directiva-2018-19/index.md
mv junta-directiva-2019-20 && mv junta-directiva-2019-20.md junta-directiva-2019-20/index.md
mv junta-directiva-2020-21 && mv junta-directiva-2020-21.md junta-directiva-2020-21/index.md
mv junta-directiva-2021-22 && mv junta-directiva-2021-22.md junta-directiva-2021-22/index.md
mv junta-entrante && mv junta-entrante.md junta-entrante/index.md
mv la-organizacion-del-congreso-del-ceet-en-onda-cero && mv la-organizacion-del-congreso-del-ceet-en-onda-cero.md la-organizacion-del-congreso-del-ceet-en-onda-cero/index.md
mv las-ondas-y-la-salud && mv las-ondas-y-la-salud.md las-ondas-y-la-salud/index.md
mv masterprograma-integrado && mv masterprograma-integrado.md masterprograma-integrado/index.md
mv nueva-junta-directiva && mv nueva-junta-directiva.md nueva-junta-directiva/index.md
mv posicionamiento-abandono-del-grado && mv posicionamiento-abandono-del-grado.md posicionamiento-abandono-del-grado/index.md
mv posicionamiento-baja-empleabilidad && mv posicionamiento-baja-empleabilidad.md posicionamiento-baja-empleabilidad/index.md
mv posicionamiento-baja-representatividad && mv posicionamiento-baja-representatividad.md posicionamiento-baja-representatividad/index.md
mv posicionamiento-bajo-ingreso && mv posicionamiento-bajo-ingreso.md posicionamiento-bajo-ingreso/index.md
mv posicionamiento-eficiencia-energetica && mv posicionamiento-eficiencia-energetica.md posicionamiento-eficiencia-energetica/index.md
mv posicionamiento-el-master-para-imagen-y-sonido && mv posicionamiento-el-master-para-imagen-y-sonido.md posicionamiento-el-master-para-imagen-y-sonido/index.md
mv posicionamiento-grado-superior && mv posicionamiento-grado-superior.md posicionamiento-grado-superior/index.md
mv posicionamiento-intersectorial-open-access && mv posicionamiento-intersectorial-open-access.md posicionamiento-intersectorial-open-access/index.md
mv posicionamiento-realidad-virtual-y-realidad-aumentada && mv posicionamiento-realidad-virtual-y-realidad-aumentada.md posicionamiento-realidad-virtual-y-realidad-aumentada/index.md
mv posicionamiento-universidad-del-futuro && mv posicionamiento-universidad-del-futuro.md posicionamiento-universidad-del-futuro/index.md
mv presencial-etsist && mv presencial-etsist.md presencial-etsist/index.md
mv resolucion-de-nuevo-ministerio-de-energia-turismo-y-agenda-digital && mv resolucion-de-nuevo-ministerio-de-energia-turismo-y-agenda-digital.md resolucion-de-nuevo-ministerio-de-energia-turismo-y-agenda-digital/index.md
mv respuesta-icon && mv respuesta-icon.md respuesta-icon/index.md
mv terminos-y-condiciones-representantes && mv terminos-y-condiciones-representantes.md terminos-y-condiciones-representantes/index.md
mv terms && mv terms.md terms/index.md
mv viaje-a-ise-2022 && mv viaje-a-ise-2022.md viaje-a-ise-2022/index.md
mv video-59-ago-creup-ceet-nuevo-socio && mv video-59-ago-creup-ceet-nuevo-socio.md video-59-ago-creup-ceet-nuevo-socio/index.md
mv vii-jfet-age-upm-2022 && mv vii-jfet-age-upm-2022.md vii-jfet-age-upm-2022/index.md
mv voip2day && mv voip2day.md voip2day/index.md
mv wp-global-styles-betheme && mv wp-global-styles-betheme.md wp-global-styles-betheme/index.md
mv xxvceet && mv xxvceet.md xxvceet/index.md
mv xxvi-ceet && mv xxvi-ceet.md xxvi-ceet/index.md
mv xxviceet && mv xxviceet.md xxviceet/index.md
mv xxviiceet-vocacion-tecnologica && mv xxviiceet-vocacion-tecnologica.md xxviiceet-vocacion-tecnologica/index.md
mv xxviii_ceet && mv xxviii_ceet.md xxviii_ceet/index.md
mv xxviiiceet-mujer-ingenieria && mv xxviiiceet-mujer-ingenieria.md xxviiiceet-mujer-ingenieria/index.md
mv xxxiceet-eficiencia-energetica && mv xxxiceet-eficiencia-energetica.md xxxiceet-eficiencia-energetica/index.md
mv xxxiceet-master-imagen-sonido && mv xxxiceet-master-imagen-sonido.md xxxiceet-master-imagen-sonido/index.md
mv xxxiceet-universidad-futuro && mv xxxiceet-universidad-futuro.md xxxiceet-universidad-futuro/index.md
mv xxxiceet-vr-ar && mv xxxiceet-vr-ar.md xxxiceet-vr-ar/index.md
mv xxxiiceet-europa && mv xxxiiceet-europa.md xxxiiceet-europa/index.md
mv xxxiiceet-investigacion && mv xxxiiceet-investigacion.md xxxiiceet-investigacion/index.md
mv xxxiiceet-losu && mv xxxiiceet-losu.md xxxiiceet-losu/index.md
mv xxxii-ceet && mv xxxii-ceet.md xxxii-ceet/index.md
mv xxxiiiceet-abandono && mv xxxiiiceet-abandono.md xxxiiiceet-abandono/index.md
mv xxxiiiceet-baja-representatividad && mv xxxiiiceet-baja-representatividad.md xxxiiiceet-baja-representatividad/index.md
mv xxxiiiceet-bajo-ingreso && mv xxxiiiceet-bajo-ingreso.md xxxiiiceet-bajo-ingreso/index.md
mv xxxiiiceet-empleabilidad && mv xxxiiiceet-empleabilidad.md xxxiiiceet-empleabilidad/index.md
mv xxxiiiceet-grado-superior && mv xxxiiiceet-grado-superior.md xxxiiiceet-grado-superior/index.md
mv xxxiii-ceet && mv xxxiii-ceet.md xxxiii-ceet/index.md
